{"train_loss": [1.0225405626826816, 0.7354262537426419, 0.6291432082653046, 0.6024632876118025, 0.5738801202840276, 0.5720483279890485, 0.5605933624837134, 0.5324930780463748, 0.5354508832097054, 0.5339211117890146, 0.5318481748302778], "train_acc": [0.610467706013363, 0.7314031180400891, 0.7583518930957683, 0.7614699331848552, 0.7694877505567929, 0.766369710467706, 0.7694877505567929, 0.7786191536748329, 0.7841870824053452, 0.7786191536748329, 0.7832962138084633], "val_loss": [0.7000289218766349, 0.6106409089905875, 0.5899751441819328, 0.5768065069402967], "val_acc": [0.7402269861286255, 0.7452711223203027, 0.7490542244640606, 0.7515762925598991]}