{"train_loss": [0.5198981778489219, 0.38357806040181053, 0.3601348793341054, 0.356025124175681, 0.3349342592474487, 0.36199666435519856, 0.3279150037301911, 0.35587904892034, 0.5687408538328277, 0.43591106062134105, 0.3413328847123517], "train_acc": [0.8251670378619154, 0.8461024498886415, 0.8570155902004455, 0.8530066815144766, 0.8632516703786192, 0.8610244988864143, 0.8690423162583519, 0.8489977728285077, 0.8140311804008908, 0.8512249443207127, 0.855902004454343], "val_loss": [0.38037197504724773, 0.3393929068531309, 0.6151918981756482, 0.40815478776182446], "val_acc": [0.8423707440100883, 0.8511979823455234, 0.8058007566204287, 0.7969735182849937]}