{"train_loss": [0.49641335010528564, 0.2930026137166553, 0.23868993752532536, 0.19379845385750136, 0.18283394972483316, 0.17247000854048464, 0.17222599064310393, 0.15872618328366014, 0.15786414013968575, 0.14625797337955898, 0.1430629069606463], "train_acc": [0.8258351893095769, 0.921826280623608, 0.9285077951002227, 0.933184855233853, 0.9351893095768374, 0.9360801781737194, 0.9363028953229399, 0.9391982182628063, 0.9400890868596882, 0.944543429844098, 0.9461024498886415], "val_loss": [0.22670843132904597, 0.16438406067235128, 0.14339307589190348, 0.15555101845945632], "val_acc": [0.9369482976040353, 0.9331651954602774, 0.9445145018915511, 0.926860025220681]}