{"train_loss": [1.3806348939736683, 1.0055981162521574, 0.8656572053829829, 0.787335894174046, 0.7762658413913515, 0.720265151725875, 0.7111344801055061, 0.6921226779619852, 0.66507977909512, 0.65974294145902, 0.673482209444046], "train_acc": [0.4131403118040089, 0.5534521158129176, 0.6389755011135857, 0.6741648106904231, 0.688195991091314, 0.7031180400890868, 0.7026726057906458, 0.7216035634743875, 0.7282850779510023, 0.7329621380846325, 0.7300668151447661], "val_loss": [0.8618472133363996, 0.6721467886652265, 0.6254400270325797, 0.603647266115461], "val_acc": [0.6443883984867591, 0.7112232030264817, 0.7465321563682219, 0.7389659520807061]}