{"train_loss": [1.1063132021162245, 0.873577657673094, 0.849055752158165, 0.8186757862567902, 0.8089375694592794, 0.8105461084180408, 0.8092555205027262, 0.7868227809667587, 0.7911444554726282, 0.7781809419393539, 0.8000599278344048], "train_acc": [0.589532293986637, 0.6300668151447661, 0.6351893095768374, 0.6425389755011136, 0.6532293986636971, 0.6587973273942094, 0.654120267260579, 0.6648106904231625, 0.6721603563474388, 0.6743875278396436, 0.6628062360801782], "val_loss": [0.8411973459380013, 0.7816865699631828, 0.759054320199149, 0.75764399766922], "val_acc": [0.6418663303909206, 0.6897856242118537, 0.694829760403531, 0.6658259773013872]}