{"train_loss": [0.5921878607736694, 0.2400653603641937, 0.13501382908887333, 0.09055381268262863, 0.05625851915424897, 0.0488734872908228, 0.03093705207154724, 0.022416668504269585, 0.021029620980294164, 0.021272750044267416, 0.03922563987887568], "train_acc": [0.7643652561247216, 0.9267260579064588, 0.955456570155902, 0.9634743875278396, 0.9783964365256125, 0.9819599109131403, 0.9855233853006682, 0.9879732739420936, 0.988641425389755, 0.9928730512249443, 0.9948775055679288], "val_loss": [0.16724742310387747, 0.09973716682621411, 0.08549803322447198, 0.045435185078531504], "val_acc": [0.9382093316519546, 0.957124842370744, 0.969735182849937, 0.9823455233291298]}