{"train_loss": [0.7041955871714486, 0.4495995425515705, 0.29750410053465104, 0.2499296379586061, 0.23382434993982315, 0.2129644485604432, 0.20284991463025412, 0.19836955703794956, 0.18827285452021492, 0.19270090117222732, 0.19102568903730976], "train_acc": [0.709576837416481, 0.8251670378619154, 0.9011135857461025, 0.9171492204899777, 0.9182628062360801, 0.9249443207126948, 0.9280623608017817, 0.9305122494432071, 0.9345211581291759, 0.9327394209354121, 0.9351893095768374], "val_loss": [0.29725841113499235, 0.17731453265462602, 0.1519897420491491, 0.13960036262869835], "val_acc": [0.9066834804539723, 0.9432534678436317, 0.9482976040353089, 0.9508196721311475]}