{"train_loss": [0.5568001700772179, 0.47848690797885257, 0.405543973048528, 0.35721225705411697, 0.3450188587109248, 0.3318990075753795, 0.3273453741437859, 0.31356048294239575, 0.30684855621722007, 0.2969181363781293, 0.2971316489080588], "train_acc": [0.7692650334075724, 0.8311804008908686, 0.8507795100222717, 0.85456570155902, 0.8650334075723831, 0.8699331848552339, 0.8685968819599109, 0.8821826280623608, 0.878619153674833, 0.8884187082405345, 0.8899777282850779], "val_loss": [0.39687302495752064, 0.2888896422726767, 0.24743049485342844, 0.2341544202395848], "val_acc": [0.8360655737704918, 0.8688524590163934, 0.9041614123581336, 0.9104665825977302]}