{"train_loss": [0.9315682078401247, 0.5609740846686893, 0.40553068328234887, 0.4015956326491303, 0.41794342299302417, 0.3436357072658009, 0.3130545632706748, 0.3834567765394847, 0.44659769121143555, 0.480641997522778, 0.356998510658741], "train_acc": [0.7979955456570156, 0.8456570155902005, 0.8527839643652562, 0.8467706013363029, 0.8416481069042316, 0.866815144766147, 0.876837416481069, 0.8616926503340757, 0.8342984409799554, 0.8492204899777283, 0.8587973273942093], "val_loss": [0.38930213025638033, 0.3328771250588553, 0.3278282476322992, 0.35325163177081514], "val_acc": [0.8537200504413619, 0.8549810844892812, 0.8650693568726355, 0.8575031525851198]}