{"train_loss": [1.2822198056512408, 0.9019048710664114, 0.7490422560109032, 0.6869043012460073, 0.6624299362301826, 0.6426521374119653, 0.6158474592698945, 0.6040593559543291, 0.6002153977751732, 0.5935383356279798, 0.5784904244873259], "train_acc": [0.49153674832962135, 0.6242761692650334, 0.6957683741648107, 0.7155902004454343, 0.7360801781737194, 0.7383073496659243, 0.7487750556792873, 0.7552338530066816, 0.7525612472160357, 0.7601336302895323, 0.7683741648106904], "val_loss": [0.7877457823072161, 0.6383602704320636, 0.6050229413168771, 0.5807437811579023], "val_acc": [0.669609079445145, 0.7389659520807061, 0.7377049180327869, 0.7540983606557377]}